{
  "Ansi 7 Color (Light)" : {
    "Red Component" : 0.98039215686299996,
    "Color Space" : "Calibrated",
    "Blue Component" : 0.98039215686299996,
    "Alpha Component" : 1,
    "Green Component" : 0.98039215686299996
  },
  "Ansi 15 Color (Light)" : {
    "Red Component" : 1,
    "Color Space" : "Calibrated",
    "Blue Component" : 1,
    "Alpha Component" : 1,
    "Green Component" : 1
  },
  "Ansi 2 Color (Light)" : {
    "Red Component" : 0.31372549019599999,
    "Color Space" : "Calibrated",
    "Blue Component" : 0.309803921569,
    "Alpha Component" : 1,
    "Green Component" : 0.63137254901999995
  },
  "Bold Color" : {
    "Red Component" : 0.062745101749896975,
    "Color Space" : "sRGB",
    "Blue Component" : 0.062745101749896975,
    "Alpha Component" : 1,
    "Green Component" : 0.062745101749896975
  },
  "Ansi 1 Color (Dark)" : {
    "Red Component" : 1,
    "Color Space" : "sRGB",
    "Blue Component" : 0.3333333432674408,
    "Alpha Component" : 1,
    "Green Component" : 0.3333333432674408
  },
  "Use Bright Bold" : true,
  "Ansi 9 Color (Light)" : {
    "Red Component" : 0.87843137254899994,
    "Color Space" : "Calibrated",
    "Blue Component" : 0.458823529412,
    "Alpha Component" : 1,
    "Green Component" : 0.42352941176499997
  },
  "Ansi 8 Color (Dark)" : {
    "Red Component" : 0.32941177487373352,
    "Color Space" : "sRGB",
    "Blue Component" : 0.32941177487373352,
    "Alpha Component" : 1,
    "Green Component" : 0.32941177487373352
  },
  "Background Color" : {
    "Red Component" : 0.97999999999999998,
    "Color Space" : "sRGB",
    "Blue Component" : 0.97999999999999998,
    "Alpha Component" : 1,
    "Green Component" : 0.97999999999999998
  },
  "Columns" : 80,
  "Ansi 8 Color" : {
    "Red Component" : 0.40781760215759277,
    "Color Space" : "sRGB",
    "Blue Component" : 0.4078223705291748,
    "Alpha Component" : 1,
    "Green Component" : 0.40782788395881653
  },
  "Right Option Key Sends" : 2,
  "Ansi 4 Color (Light)" : {
    "Red Component" : 0.0039215686274499994,
    "Color Space" : "Calibrated",
    "Blue Component" : 0.73725490196099996,
    "Alpha Component" : 1,
    "Green Component" : 0.51764705882399997
  },
  "Blinking Cursor" : false,
  "Selected Text Color (Light)" : {
    "Red Component" : 0.21960784313699999,
    "Color Space" : "Calibrated",
    "Blue Component" : 0.25882352941199999,
    "Alpha Component" : 1,
    "Green Component" : 0.22745098039200001
  },
  "Open Password Manager Automatically" : false,
  "Selected Text Color (Dark)" : {
    "Red Component" : 0.32941177487373352,
    "Color Space" : "sRGB",
    "Blue Component" : 0.32941177487373352,
    "Alpha Component" : 1,
    "Green Component" : 0.32941177487373352
  },
  "Cursor Type" : 2,
  "Keyboard Map" : {
    "0xf702-0x280000-0x7b" : {
      "Version" : 2,
      "Apply Mode" : 0,
      "Action" : 10,
      "Text" : "b",
      "Escaping" : 2
    },
    "0xf703-0x300000-0x7c" : {
      "Version" : 2,
      "Apply Mode" : 0,
      "Action" : 11,
      "Text" : "0x05",
      "Escaping" : 2
    },
    "0xf703-0x280000-0x7c" : {
      "Version" : 2,
      "Apply Mode" : 0,
      "Action" : 10,
      "Text" : "f",
      "Escaping" : 2
    },
    "0x7f-0x80000-0x33" : {
      "Version" : 2,
      "Apply Mode" : 0,
      "Action" : 11,
      "Text" : "0x17",
      "Escaping" : 2
    },
    "0x7f-0x100000-0x33" : {
      "Version" : 2,
      "Apply Mode" : 0,
      "Action" : 11,
      "Text" : "0x15",
      "Escaping" : 2
    },
    "0xf702-0x300000-0x7b" : {
      "Version" : 2,
      "Apply Mode" : 0,
      "Action" : 11,
      "Text" : "0x01",
      "Escaping" : 2
    }
  },
  "Ansi 3 Color (Dark)" : {
    "Red Component" : 1,
    "Color Space" : "sRGB",
    "Blue Component" : 0.41960784792900085,
    "Alpha Component" : 1,
    "Green Component" : 0.79607844352722168
  },
  "Visual Bell" : true,
  "Cursor Text Color" : {
    "Red Component" : 1,
    "Color Space" : "sRGB",
    "Blue Component" : 1,
    "Alpha Component" : 1,
    "Green Component" : 1
  },
  "Scrollback Lines" : 1000,
  "Selection Color (Light)" : {
    "Red Component" : 0.74901960784300003,
    "Color Space" : "Calibrated",
    "Blue Component" : 1,
    "Alpha Component" : 1,
    "Green Component" : 0.80784313725500001
  },
  "Ansi 0 Color" : {
    "Red Component" : 0.078431375324726105,
    "Color Space" : "sRGB",
    "Blue Component" : 0.11764705926179886,
    "Alpha Component" : 1,
    "Green Component" : 0.098039217293262454
  },
  "Match Background Color (Dark)" : {
    "Red Component" : 1,
    "Color Space" : "P3",
    "Blue Component" : 0,
    "Alpha Component" : 1,
    "Green Component" : 1
  },
  "Ansi 11 Color (Light)" : {
    "Red Component" : 0.89803921568599998,
    "Color Space" : "Calibrated",
    "Blue Component" : 0.48235294117600003,
    "Alpha Component" : 1,
    "Green Component" : 0.75294117647100001
  },
  "Ansi 5 Color (Dark)" : {
    "Red Component" : 0.78039216995239258,
    "Color Space" : "sRGB",
    "Blue Component" : 0.91764706373214722,
    "Alpha Component" : 1,
    "Green Component" : 0.57254904508590698
  },
  "Cursor Text Color (Light)" : {
    "Red Component" : 0.21960784313699999,
    "Color Space" : "Calibrated",
    "Blue Component" : 0.25882352941199999,
    "Alpha Component" : 1,
    "Green Component" : 0.22745098039200001
  },
  "Silence Bell" : false,
  "Rows" : 25,
  "Guid" : "84100662-600D-43FE-9FA9-E034E52CFA43",
  "Ansi 14 Color (Dark)" : {
    "Red Component" : 0.64313727617263794,
    "Color Space" : "sRGB",
    "Blue Component" : 1,
    "Alpha Component" : 1,
    "Green Component" : 1
  },
  "Ansi 15 Color (Dark)" : {
    "Red Component" : 0.97254902124404907,
    "Color Space" : "sRGB",
    "Blue Component" : 0.94901961088180542,
    "Alpha Component" : 1,
    "Green Component" : 0.97254902124404907
  },
  "Ansi 0 Color (Dark)" : {
    "Red Component" : 0.12941177189350128,
    "Color Space" : "sRGB",
    "Blue Component" : 0.17254902422428131,
    "Alpha Component" : 1,
    "Green Component" : 0.13333334028720856
  },
  "Ambiguous Double Width" : false,
  "Option Key Sends" : 0,
  "Ansi 3 Color" : {
    "Red Component" : 0.78058648109436035,
    "Color Space" : "sRGB",
    "Blue Component" : 0,
    "Alpha Component" : 1,
    "Green Component" : 0.76959484815597534
  },
  "Window Type" : 0,
  "BM Growl" : true,
  "Prompt Before Closing 2" : false,
  "Command" : "",
  "Selected Text Color" : {
    "Red Component" : 0,
    "Color Space" : "sRGB",
    "Blue Component" : 0,
    "Alpha Component" : 1,
    "Green Component" : 0
  },
  "Ansi 14 Color (Light)" : {
    "Red Component" : 0.337254901961,
    "Color Space" : "Calibrated",
    "Blue Component" : 0.76078431372499999,
    "Alpha Component" : 1,
    "Green Component" : 0.71372549019599996
  },
  "Cursor Guide Color (Dark)" : {
    "Red Component" : 0.23529419302940369,
    "Color Space" : "sRGB",
    "Blue Component" : 0.21176469326019287,
    "Alpha Component" : 1,
    "Green Component" : 0.21960783004760742
  },
  "ASCII Ligatures" : false,
  "Send Code When Idle" : false,
  "Ansi 6 Color" : {
    "Red Component" : 0,
    "Color Space" : "sRGB",
    "Blue Component" : 0.78166204690933228,
    "Alpha Component" : 1,
    "Green Component" : 0.77425903081893921
  },
  "Jobs to Ignore" : [
    "rlogin",
    "ssh",
    "slogin",
    "telnet"
  ],
  "Badge Color (Dark)" : {
    "Red Component" : 0.23137255012989044,
    "Color Space" : "sRGB",
    "Blue Component" : 0.32156863808631897,
    "Alpha Component" : 0.5,
    "Green Component" : 0.25882354378700256
  },
  "Cursor Color" : {
    "Red Component" : 0,
    "Color Space" : "sRGB",
    "Blue Component" : 0,
    "Alpha Component" : 1,
    "Green Component" : 0
  },
  "Vertical Spacing" : 1,
  "Disable Window Resizing" : true,
  "Close Sessions On End" : true,
  "Selection Color (Dark)" : {
    "Red Component" : 0.97254902124404907,
    "Color Space" : "sRGB",
    "Blue Component" : 0.94901961088180542,